image,date,bar,baz,xgt,qgg,lux,wsg,yyz,drt,gox,foo,boz,fyt,lgh,hrt,juu,date_year,date_month,date_day,date_dayofweek,predicted_target
test-img/boat/boat_3.jpg,2020-11-18,495.3610067924293,0,331.9666682413564,21.021534978395856,5190.710171017102,0.015209309274195,-12.344109604605968,-4.587213118582559,-11.226993479718605,-7.996372201098723,5.512998460170135,1,0,-239.17879466005076,245.8062065291458,2020,November,18,Wednesday,116863.19794050911
test-img/person/person_53.jpg,2019-01-20,127.41587902953157,1,396.85185130978925,5.630238437568705,4767.268226822683,0.0108172188651945,5.499533765332308,-25.675940811364686,3.2397945712712377,23.32650155155416,3.8171687728645862,0,1,-192.27291340424532,126.25696019933488,2019,January,20,Sunday,18728.54046921461
test-img/boat/boat_62.jpg,2019-07-05,-48.35301003707188,0,414.0968007310824,-0.4063425725099146,4452.181336319513,0.0106088926269901,-0.7460680179197359,-15.213459275971791,-0.518122069071706,38.5687886508753,3.019701532797704,0,0,-113.59086464906608,121.51320272304288,2019,July,5,Friday,-58821.40174238587
test-img/car/car_7.jpg,2020-12-15,53.16382429592794,0,365.5374584526853,15.611367171172615,5864.571557155716,0.0130820889697067,-17.02995575405951,-38.93339911754431,14.90577986627159,43.32153256229866,0.9358541726377644,1,0,-27.4237551139598,183.32926701226825,2020,December,15,Tuesday,-36032.90472548406
test-img/cat/cat_2.jpg,2020-03-20,-32.59133584466323,0,263.05366927195246,-5.938351173724581,4983.384139683289,0.0158018223738934,-7.017900586699034,-7.066404659578732,-25.42880699207243,37.85026709443412,0.2139519013692647,1,1,-192.4772689561703,264.6776887759136,2020,March,20,Friday,-19499.919936358732
test-img/cat/cat_34.jpg,2019-11-18,1.9522911404247685e-07,0,55.90628826325538,18.75137582034187,6824.114311431144,0.0127330286608352,-14.791769715374198,-995.8577289483871,13.102509362936107,6.787216349954829,10.299549188040992,1,0,75.60870665343106,173.88621900456712,2019,November,18,Monday,11775.404713076741
test-img/mountain/mountain_94.jpg,2020-07-17,1355.9154220502262,1,78.12392672406688,-0.0722865279445515,5274.681368136814,0.0054930563117122,0.9120410795048433,-108.3038284304814,-0.4084982452634602,13.980390995673636,0.2471860536829602,1,0,-635.1111668781267,32.937494814857466,2020,July,17,Friday,116788.14966551626
test-img/boat/boat_74.jpg,2019-04-13,-5.998442944297413,0,123.80507418859298,-9.214233510489109,5791.65706570657,0.0036949525823064,15.33145515503349,-0.9219646095001934,20.67530481621709,15.092380782217909,0.4050342576166624,1,0,-359.876699554664,14.93610725754992,2019,April,13,Saturday,-21274.98648048767
test-img/cartoon/cartoon_12.jpg,2018-08-16,15.3435256778904,1,-220.2191524840004,-0.872101488463241,4750.2349234923495,0.0183887398701573,-0.2872046997347409,-15185.373551354172,0.3971359321043754,44.29981904054037,1.166047258921375,0,1,-346.8034397336268,354.19681043488464,2018,August,16,Thursday,100672.2288570293
test-img/mountain/mountain_39.jpg,2020-04-14,77.86838007584679,1,-221.0184767716076,-9.3042982053691,5774.026102610261,0.0143509619919185,-8.041649694132476,-55.04951134585743,-23.71393259005989,33.2822240375132,0.2659038935172649,1,0,-233.22599393793135,219.59061487396525,2020,April,14,Tuesday,111571.37945241813
test-img/person/person_87.jpg,2019-07-11,554.4080458851047,1,-198.60386777084383,-0.5337433932931577,7116.071107110711,0.007233457436129,0.4700887509424675,-150.9103745686802,0.7133044073071505,31.55703158044617,1.8641410588741432,0,0,-164.20485145382764,56.94693272062795,2019,July,11,Thursday,-70306.65907183177
test-img/cake/cake_89.jpg,2019-04-21,79.74358374495881,0,590.5502999375572,1.679432136210738,4979.138613861386,0.0097248099431731,5.154535445142272,-6.320438435978104,-6.626721275978381,24.478191107493497,0.5723728071563821,1,0,-297.6999215143741,102.35037706183032,2019,April,21,Sunday,69267.01626164396
test-img/galaxy/galaxy_3.jpg,2020-08-07,-18.18576076340024,1,-30.01031643839201,-1.9689619367525284,4938.497749774978,0.0129185862591614,5.8686962319530895,-18.145241141984258,-5.840865665101051,44.432993744107264,0.4655421878242767,1,1,-302.4231042834463,178.87715106055413,2020,August,7,Friday,123766.70521597902
test-img/train/train_4.jpg,2020-09-23,-59.70227843424076,1,59.85002179526929,-16.585421293404483,5211.927092709271,0.0135330085555252,-10.60461510577296,-18.137584143448727,-18.64346300483962,5.132420224160253,1.566277590737414,0,0,-245.95160465289695,195.87006538307003,2020,September,23,Wednesday,90196.5158588267
test-img/airplane/airplane_75.jpg,2020-11-21,-53.53803637625769,1,219.9338829466533,5.652888782446109,7051.523852385239,0.0168526974327814,-1.9155677919114555,-112.88111714419888,-27.06407557193719,53.01454847022399,0.1082157348213231,1,0,-250.0267890837068,299.6680585929162,2020,November,21,Saturday,58132.3256480468
test-img/mountain/mountain_89.jpg,2019-04-01,620.1934138347806,0,-234.26911659818697,-24.76983376427059,7000.42394239424,0.0078755095995175,9.923199913572768,-33.31083341662125,-7.038728095813491,25.649312064218933,0.4706327679828245,1,0,-415.66152769576985,67.41758911988909,2019,April,1,Monday,118146.6166441888
test-img/cake/cake_38.jpg,2018-12-05,1.8765543658159776,1,259.6514827243034,-0.2215565363015677,7393.385238523852,0.0114412287042335,-0.8364837680372547,-13.308656164188598,-0.4993211684911319,44.44657645863954,0.5213255831067187,1,0,-284.0301139429031,140.98161266327557,2018,December,5,Wednesday,-4947.508380817247
test-img/train/train_2.jpg,2018-09-12,105.0968360033904,0,181.16322862590647,-4.371178551808865,5554.983798379838,0.0073944818188953,6.871439385973514,-4.563641374724589,-2.4285413075595708,30.606897460509483,0.0787942178262696,1,0,-176.92564432515076,59.49183675972787,2018,September,12,Wednesday,63809.69158151499
test-img/car/car_6.jpg,2019-01-05,829.280228283545,1,-215.0220375007967,-0.5613899483651165,6397.385238523852,0.0113646886036725,0.730934269323099,-2.034916656843472,-0.3669768564194697,2.749649107806377,0.304614249837972,0,0,153.33471378765233,139.13412200836203,2019,January,5,Saturday,71712.87605815326
test-img/car/car_8.jpg,2020-10-14,1.8456826438631624,1,312.4116747125063,4.603437091756006,5605.48604860486,0.0122485398401391,7.089572654870353,-4.217993958239264,-1.029891919272112,46.696005828649575,21.6665508499308,1,0,-353.52483545246486,161.16627045768982,2020,October,14,Wednesday,-24331.58280214548
test-img/ball/ball_6.jpg,2020-03-15,928.443383751128,1,95.01690952213276,13.96483216877188,6126.60230907106,0.017182767205136,22.113647878486383,-301.45662248435053,8.17417790062854,39.35243016019534,0.460209316699587,1,1,48.86432445691423,311.051442171482,2020,March,15,Sunday,-106174.3530449633
test-img/cake/cake_67.jpg,2020-08-27,6.286239750960089,1,132.73655042065047,-19.497932435665746,5354.170117011701,0.0140643497197409,15.307348269159036,-1.166468556764896,-11.87053429338396,36.05348453529778,2.3499262934021474,0,0,-281.05919148602726,211.1374221289715,2020,August,27,Thursday,120699.22256451614
test-img/train/train_7.jpg,2018-12-24,-1.256271235871025,1,125.43002880913556,10.607206063675225,7007.29702970297,0.0248032644394639,-15.949902292678509,-5.840360588043216,-18.698318983194643,18.778594969758352,0.5835360920288973,1,0,-262.0611715422373,620.7366433450717,2018,December,24,Monday,23567.695834137812
test-img/galaxy/galaxy_8.jpg,2019-09-03,66.2241176492252,0,-349.1716726742078,9.70354890516565,7146.252925292529,0.0132255741167323,-4.287112814488708,-4.949838713447791,-25.101157341903928,27.91531865876045,0.9598382359339446,1,0,-118.81648536040052,187.27813525943847,2019,September,3,Tuesday,101066.37965970652
test-img/boat/boat_28.jpg,2018-09-04,960.8542695732305,1,-64.05765227471971,2.8956606976076347,6558.6315386918695,0.0141146967941086,3.672468343608021,-9.8540930448786,7.036255204212298,41.25594345453413,4.235972027422742,1,0,-313.5535059602294,212.61133587185637,2018,September,4,Tuesday,6181.839893201429
test-img/person/person_11.jpg,2018-11-11,454.9940701092089,1,478.944772609004,-24.2177576030132,4909.212421242124,0.0098991041938134,0.8670924850961657,-1735.1447969733922,-12.911183937867431,28.70851070531664,0.8437445095929553,0,0,-79.10042870168942,106.00355369362356,2018,November,11,Sunday,94681.42179627485
test-img/galaxy/galaxy_4.jpg,2020-06-16,202.11460271551772,1,-109.57676176358842,-5.524938121123191,4752.625562556255,0.0101081869210846,6.409225891754885,-71.76458345120338,-1.5295782965126747,38.64986084642205,0.9624320542646942,0,0,-503.0850036756583,110.4669295206964,2020,June,16,Tuesday,149360.39085198383
test-img/person/person_43.jpg,2020-06-27,-21.47002120436383,0,501.3180424969444,4.806779008059322,4766.969396939694,0.0090890716564844,-3.709993234317743,-75.18785768657452,-5.697028202661928,24.914948301956628,0.8468847319467869,0,0,-322.93074154930173,89.54894924011526,2020,June,27,Saturday,-59448.431613885776
test-img/train/train_3.jpg,2020-02-10,-6.770344330154937,0,-80.05870627861941,0.6817684369909942,5613.853285328532,0.01600666568755,-0.5686599538601712,-78.40872779780662,-0.4609061902986401,29.24145295015582,1.5533076945839817,0,0,-159.3727275268425,271.3468975578495,2020,February,10,Monday,55125.66808432133
test-img/train/train_10.jpg,2019-11-28,-0.9922187102158232,1,2.3787156648991328,0.5333650301525211,5145.586858685869,0.0111188661034997,-0.5469223360614752,-225.30632445525345,-0.6562978931904796,19.282121124842785,5.165337064853945,1,1,-170.31377937955023,133.27868515568645,2019,November,28,Thursday,-82331.91071324746
test-img/train/train_6.jpg,2019-07-09,2.4552927112832856,1,116.04877758858755,11.999885360348042,4740.373537353736,0.0124998012169284,18.431369449466334,-339.6199106619297,-16.484926077177327,43.78012507310493,0.5252678601805789,0,1,-466.7309910112921,167.70660803942712,2019,July,9,Tuesday,-38172.82782945936
test-img/cake/cake_90.jpg,2020-06-24,814.0655871968241,0,164.03925485946917,-15.430318230821731,7605.255625562557,0.0153843462817875,11.81966630351073,-1.8977079933528327,-18.89156063363035,32.12567558212011,0.3009055662693097,0,0,-184.26520799847395,251.3158709555408,2020,June,24,Wednesday,89514.21038705754
test-img/person/person_75.jpg,2018-12-14,113.7294676179444,0,63.18005054090023,19.6151195627669,5842.75697569757,0.0044201553393376,18.09921677506902,-29.586765112474005,-7.821225833256138,-3.5293409151758155,7.725272636927392,1,1,-120.99657020337428,21.357667261737213,2018,December,14,Friday,52744.877616171696
test-img/cake/cake_83.jpg,2020-11-03,410.6506523877836,1,367.6132834283724,0.4466028405644535,4860.204320432044,0.0051021663081321,0.3902568310785832,-4.920903883128247,0.7876547559928149,23.86662240313328,0.150498268403622,0,1,-328.72718585082106,28.432279789629785,2020,November,3,Tuesday,78584.72611624749
test-img/dog/dog_86.jpg,2021-01-29,-16.085160947750023,0,-20.554892845129658,-10.838006536529935,4011.9965381731818,0.0122075311616798,24.654428071439103,-12.668095077396128,4.265831259053237,25.18272295170907,0.1727265001415385,1,0,-528.7788191797216,160.11038738212727,2021,January,29,Friday,18576.33027876201
test-img/cake/cake_92.jpg,2020-06-29,0.313234742259692,0,124.8091481057548,-8.722659059964624,7340.4923492349235,0.0107596896137818,-19.699560410440142,-6996.991784400226,-17.168115513372584,33.69810078704229,0.2670468449466793,0,0,-268.08843104782784,124.938326591762,2020,June,29,Monday,-59090.567606473305
test-img/train/train_1.jpg,2019-01-09,0.8698650758526602,0,-398.3444785102746,-5.407598465525972,5945.151839216207,0.0102141353186915,5.19141734998688,-1400.1098030876562,4.126880408907989,9.56554012909776,1.270183646073778,1,1,-278.99744939479626,112.76230519368735,2019,January,9,Wednesday,29356.849804956415
test-img/mountain/mountain_60.jpg,2019-12-19,-0.0036544562352356,0,248.74947109193693,-0.6549259852191167,3982.74943539776,0.0233068206832687,0.739924123901631,-9.423766356813331,-0.1012374218991946,44.78089470031888,0.2837655538873452,0,1,-295.26229647824914,553.4654235112948,2019,December,19,Thursday,34590.559843194926
test-img/boat/boat_35.jpg,2019-04-04,684.6277480780259,0,-104.8033006344973,3.845331141985665,7266.382538253825,0.0080900733620304,4.226002594668268,-1407.4555568147669,6.322928392237087,21.449847099881552,4.693493956027187,0,1,-248.16768419950935,71.10859614125862,2019,April,4,Thursday,-45485.2655283986
test-img/galaxy/galaxy_5.jpg,2019-06-16,-0.1444592851731459,1,464.7338797765383,2.5206202756230853,5536.061981089693,0.0162622397705914,6.515581766937426,-96.94983521673872,4.831164400893626,28.728891910520453,0.4289391591597214,0,0,-244.71274883231715,279.77114951393173,2019,June,16,Sunday,95825.30243234684
test-img/person/person_71.jpg,2019-08-08,1112.215510042534,1,175.17426520578817,-16.67016391059852,5471.3114311431145,0.0177448739514881,13.85841843370726,-0.2566488698381204,16.020076820678234,23.08331880506028,0.5664819012633543,1,0,-213.75144057402565,330.86102903289134,2019,August,8,Thursday,-63769.43595946569
test-img/train/train_9.jpg,2020-01-29,54.03399332594064,0,-100.62258968692112,0.6764116708853806,6190.893789378938,0.0087737576084559,0.4458075152953027,-237.1331000399592,-0.5903909569675261,33.819309278400254,1.3240198809359056,1,0,-241.84501591702457,83.50635918646111,2020,January,29,Wednesday,-8007.71288942055
test-img/airplane/airplane_40.jpg,2019-09-02,30.79459036558683,0,60.09228217861493,7.76867079552204,4662.457509132547,0.0149165749522892,-3.641291943605027,-8.978571905928451,-1.4316666352157468,26.82970251072879,1.1832954321918483,1,0,-429.1316501823199,236.7150518563415,2019,September,2,Monday,65118.71140688837
test-img/cat/cat_9.jpg,2019-06-02,18.285545237023065,1,-139.50254058733728,16.51248754669251,6760.463546354636,0.0119724011686707,-17.292500206243446,-1.003729705628837,12.896901464862676,26.5429932775812,2.461134559093775,0,0,-214.08398575260944,154.11923937837489,2019,June,2,Sunday,65326.534814852486
test-img/mountain/mountain_75.jpg,2019-09-12,39.4109325963852,0,193.28781876546128,6.601456393815483,6149.057605760576,0.0168224744460116,2.026308802528189,-81.58644140256858,-4.713003625780221,7.060974323823892,0.1009914335326442,0,0,-375.9897090318592,298.6350280393491,2019,September,12,Thursday,-83244.74313837462
test-img/llama/llama_43.jpg,2019-09-04,153.56622317118445,0,54.84822225680202,-0.6378992573768736,5166.940724784153,0.0197868287646902,0.2425358877907888,-86.18908947680106,-0.7148059986823877,44.042646091935886,2.184574944067549,0,0,-462.9462793902782,407.16646502260704,2019,September,4,Wednesday,-35688.14373376226
test-img/mountain/mountain_35.jpg,2018-06-20,-0.4741067014678699,0,-317.6033997892762,18.17086734790791,5466.231323132313,0.0047161670083507,9.755022778777091,-305.8762999689312,-17.975936131726012,11.565852669692624,0.0197756407287737,0,0,-504.7020839590815,24.305267884636745,2018,June,20,Wednesday,64781.30956989293
test-img/llama/llama_27.jpg,2020-01-27,-24.519951217868734,1,120.1232831589558,0.2966317668326882,5538.9402084783815,0.0135127378229091,0.8151682345593181,-4.604802951599632,0.480250136393531,17.90059158153905,1.3629832323373072,0,0,-361.4551422212393,195.2980732782277,2020,January,27,Monday,97328.21861599872
test-img/airplane/airplane_44.jpg,2019-04-23,-2.013036086727811,0,-112.23484088685746,-2.0265576914062016,5139.012601260126,0.0243360246902184,5.477226781881859,-886.9442838499369,6.357284449010908,42.8014758431918,0.4217957026453642,1,0,-4.8418452836915264,599.4326437686416,2019,April,23,Tuesday,118281.62502983915
test-img/car/car_5.jpg,2019-02-15,1467.5808066510667,1,284.2056888585668,3.468134545147116,5734.580558055805,0.0088968112763494,23.56107213761736,-5.583223000398075,13.044406669615489,25.836930706303946,0.5626996802463291,0,1,-252.15440720374775,85.84022875547468,2019,February,15,Friday,24981.08930063484
test-img/ball/ball_3.jpg,2020-12-17,1578.2896222426334,0,391.1669809366128,0.6438565523784288,6329.849684968497,0.0097365002776512,-0.7567821650582983,-106.4975344544618,-0.1456400762110129,32.64714088950848,4.413542028121598,0,0,-284.99759794767573,102.59347863678254,2020,December,17,Thursday,83345.80532630028
test-img/cartoon/cartoon_47.jpg,2020-01-11,1578.2896222426334,0,161.22208598144456,25.296695269356427,5189.21602160216,0.0115001916240591,-9.007412200962651,-0.2185388634285643,6.448611270067506,15.671975082126089,10.3778372795438,1,1,-251.42581123232043,142.4126896484049,2020,January,11,Saturday,57628.39179116113
test-img/airplane/airplane_70.jpg,2018-12-23,-31.561447878341752,1,38.200109534039846,-6.485034127199468,5540.639963996399,0.0100381413278893,4.917833741545797,-49.18758255364461,2.721292912253652,31.421474826891263,0.6452601982764675,0,1,-251.9168027234548,108.9618083941274,2018,December,23,Sunday,154361.8932327106
test-img/cake/cake_65.jpg,2019-06-17,66.72636048627032,0,-16.11153791964719,-0.7198632212201709,6726.396939693969,0.0114087431183331,-0.4842100240604644,-2.5354463650992574,-0.4915038138341303,26.98955962283012,0.9367667389150756,0,0,-408.0603533577736,140.19608202559286,2019,June,17,Monday,145447.3199906204
test-img/airplane/airplane_83.jpg,2018-08-04,107.3852747601301,0,43.2698316216778,10.552613795114413,4487.908169062628,0.011112636340697,16.368298986074613,-34.003445030614024,-18.7306172317382,14.390356665534163,17.461843200274835,1,0,-125.23596762114764,133.13184476937818,2018,August,4,Saturday,104408.92960355438
test-img/boat/boat_19.jpg,2019-06-24,-70.41562322628029,1,64.56873662185382,13.451148191070914,5214.317731773177,0.0227366473879513,18.359381719943165,-179.41177189658458,13.961567900512922,1.511452226723339,0.968285558931612,1,0,6.51620081900478,528.5905569097284,2019,June,24,Monday,70142.05651447254
test-img/galaxy/galaxy_9.jpg,2018-03-21,947.013623024324,1,35.152583039329514,12.22000298958844,6313.115211521152,0.00782896562454,8.096061893759039,-53.52817089622193,-23.115158886235367,6.639362005156951,0.094435152955171,1,0,-123.78830067992396,66.62957695704172,2018,March,21,Wednesday,128694.14288079692
test-img/ball/ball_2.jpg,2019-08-27,818.5209929616298,1,-101.46892832268703,-0.4154123218919979,4949.255625562556,0.0119762112294613,0.6587418970445335,-3.7644585754929736,-0.6363112227580471,39.78982951425627,0.1061102727855416,1,0,-481.28331548768114,154.21546444555037,2019,August,27,Tuesday,20096.58868340286
test-img/dog/dog_77.jpg,2018-06-28,1608.910799391474,1,-126.7909779778518,-4.153736738830971,7015.664266426643,0.0220697531956028,5.705622942381553,-2.806378570495058,-4.57572523510317,41.37778807318244,0.6577800202167164,1,1,-239.08245788128585,500.05227854306224,2018,June,28,Thursday,30262.711276110163
test-img/boat/boat_20.jpg,2020-02-22,1575.5253056594345,0,75.1264214965953,7.570854490484733,4819.264626462646,0.0146599720455184,3.6609456592944976,-33.39227160075955,-1.393102645064716,20.88613691056965,0.6907574683003073,1,0,-104.39610678624848,228.87375059961056,2020,February,22,Saturday,55720.26507041417
test-img/train/train_8.jpg,2020-03-13,0.0265328266802811,1,240.67548758959865,-24.56347979540616,4329.2402794897935,0.0167921515275158,-10.849925055386937,-46.78302394475422,-2.040217010785565,26.662542770495136,1.1658025428927206,1,0,-221.2418476230191,297.60015535046585,2020,March,13,Friday,-57004.766308216305
test-img/ball/ball_7.jpg,2018-09-07,-84.08962685163647,1,446.7975829648874,6.557253907761536,7338.699369936994,0.0106842651837426,0.8329528524914898,-1.4685812640454796,-5.381816590224385,34.17231577941619,9.29295702369816,1,1,-321.1506800765053,123.21950526435708,2018,September,7,Friday,109603.99907516575
test-img/galaxy/galaxy_7.jpg,2019-07-28,0.5282227976640885,1,318.07209018491324,0.7700052856050459,5567.7915290115,0.0138832693031983,0.1213225493395847,-56.85448150266825,0.626120790884115,21.818710954155492,0.3051736089980816,0,1,-283.51462166286865,205.87517573876747,2019,July,28,Sunday,117443.23763291757
test-img/cake/cake_41.jpg,2018-05-15,343.6473361937849,0,-120.82352752017266,-2.32484424672591,5224.352287402096,0.0124933589848593,1.7668843302632649,-5451.68397070346,-7.895306714673661,23.945847925918315,0.1853048924822122,1,0,-222.551460096152,167.53739681561495,2018,May,15,Tuesday,37269.75860873228
test-img/ball/ball_5.jpg,2019-02-18,-67.83822320245342,1,-74.32771408282187,6.474065833580192,6786.760576057606,0.0181244917782862,4.558891431837536,-60.96968715289003,-3.1154885666888443,46.68295337159334,0.009829925261053,0,0,-260.9065073573975,344.5372008315377,2019,February,18,Monday,99029.56651120522
test-img/galaxy/galaxy_6.jpg,2019-02-10,-4.635188519926416,1,74.09664589536077,8.211727483434942,6662.4473447344735,0.0056609899947708,13.440743975012468,-15.867861846025288,22.6699649204732,44.313952001838686,0.8446244245976542,0,0,-441.07623366393113,34.97346646699491,2019,February,10,Sunday,117614.77081962604
test-img/car/car_3.jpg,2019-07-28,184.388903342228,0,-198.11514054137183,22.993197192597886,5605.48604860486,0.0057242262941884,-10.581369479163811,-1.270026672044109,10.780772758756704,45.487082112293606,0.3908058756358959,0,1,-546.2245699539188,35.755739815002,2019,July,28,Sunday,168365.42442062308
test-img/galaxy/galaxy_10.jpg,2018-03-13,0.0101680098818492,1,-321.9182342487295,0.7458601497909243,6079.131413141315,0.0111531122825541,0.6470392404055205,-130.81072320453404,0.2157932683401632,0.4270123974648889,0.7936352981284333,0,0,-288.1488049416661,134.08726558254878,2018,March,13,Tuesday,102594.93800113662
test-img/car/car_1.jpg,2020-06-28,341.649106837927,1,-20.54375613968658,-7.645686895768998,5295.300630063006,0.0027417361356439,-3.1279745335965807,-3.153275912859279,-2.297574452216949,37.1511155408004,0.2307058973776675,1,1,-247.9685430755875,8.23050309084754,2020,June,28,Sunday,93825.4696918361
test-img/person/person_97.jpg,2019-01-03,627.6424913699519,0,210.9302285143777,-2.589398358654898,6893.741674167417,0.0124393895083572,-5.950945272654686,-19.24499209185881,-5.602854642687461,20.01376314729991,0.8040453224723324,1,1,-346.7175711861028,166.12297574173434,2019,January,3,Thursday,73520.7492910382
test-img/dog/dog_83.jpg,2020-04-19,8.957641213626891,0,338.5958880541473,-5.1739703586755,6804.9563486780025,0.0207924163673259,-5.335114954483871,-3.633512166076143,-4.048312672243019,45.906768903568,0.9463238654038204,0,0,-466.1791965388371,447.1366397068687,2020,April,19,Sunday,38206.09888609627
test-img/person/person_94.jpg,2019-10-31,80.8830266679566,1,69.66430882117444,2.8821905890637534,6640.035103510351,0.0143586102446041,-7.8258878759621,-2.0075050093240745,1.783998803712617,27.769095494351287,2.519967609396763,1,0,21.61453005921078,219.818264675042,2019,October,31,Thursday,128765.8293126089
test-img/dog/dog_78.jpg,2020-10-08,19.368387833648598,1,354.1670189585261,-0.7317081633896958,5909.097209720972,0.0116905821069769,0.644804506298856,-42.47631897991902,0.2836878835220308,22.471046181310328,0.6986549411775419,0,1,-122.50028717013464,147.0802007904506,2020,October,8,Thursday,156033.14468258238
test-img/boat/boat_76.jpg,2019-12-20,286.12837400025217,0,-41.187119792225474,-21.057844069701943,4769.360036003601,0.0153054413995508,-3.449123500688693,-564.1470270672739,17.109149527473182,26.288618557288306,0.3845272288623683,0,0,-130.09576789232983,248.82536627701728,2019,December,20,Friday,102368.41982145316
test-img/llama/llama_20.jpg,2019-11-16,221.6879368123083,0,233.76597944178877,0.233590084830785,4728.423945151656,0.0124996050849109,0.8604092324021159,-0.9215369334461788,-0.4473372739254823,33.724189139604746,0.2463613658000121,0,0,48.71891922839251,167.70145527100294,2019,November,16,Saturday,40492.67080502617
test-img/cat/cat_3.jpg,2018-10-03,-4.384590264586997,0,370.8636704578422,-2.4733788011927547,6116.485148514852,0.0137206489974085,6.494968305609345,-0.1475696527156868,-4.829658095215648,16.693005614750717,0.8546604362333521,1,0,-481.3103556306601,201.201429912981,2018,October,3,Wednesday,136981.84583030903
test-img/cat/cat_84.jpg,2019-06-14,-58.310666536108165,1,156.9287152832269,-4.577965864991593,5107.336633663366,0.0133403200735631,5.737873877859637,-2472.179366486046,4.211752536613633,25.020874399399545,1.9579760953059435,0,1,-166.62315896789107,190.46411191210117,2019,June,14,Friday,110688.32285020685
test-img/galaxy/galaxy_2.jpg,2018-05-15,249.29270493485447,1,184.2793333880601,2.9662019767007086,5467.118681730255,0.0138064957438494,5.082280442582587,-135.525215445678,6.046241148552643,18.477130635196477,13.40695260650174,0,1,-440.05407955688406,203.6625355001792,2018,May,15,Tuesday,93245.86719720816
test-img/llama/llama_21.jpg,2018-09-11,-0.6391056636386165,0,65.19183279880696,-0.6154360898059901,4686.584158415842,0.0110087288907683,-0.0602129209340473,-37.17211038525063,-0.7788205085788739,11.19845596350051,0.1150047074757626,0,0,-69.21436627060584,130.69399568525546,2018,September,11,Tuesday,111548.48461678786
test-img/person/person_56.jpg,2019-06-28,0.2684971910971427,1,152.5139771163695,22.95991317551252,4763.383438343834,0.0165043117319269,-4.095181732162771,-9.466000470626522,-14.42275600812195,24.909873850020706,0.5262748797651132,0,1,-504.72862403772046,287.8554255479557,2019,June,28,Friday,80768.01253387536
test-img/cat/cat_30.jpg,2021-01-31,-98.99102336088566,1,129.0085733326084,3.3221379434737703,5595.904964840385,0.0069861320446601,7.419986142539317,-23.079937959772234,2.426640142068871,15.574566107352824,2.5507655181132933,1,0,-562.6615008761523,53.1442128572584,2021,January,31,Sunday,-39134.18700183846
test-img/boat/boat_60.jpg,2018-06-24,-2.6965213485441377,1,-85.18951464751493,-14.00891131347511,5662.562556255625,0.0058303066779536,16.140916716299895,-0.2503729801642584,16.103010228634826,24.511055781268407,0.0881348569274485,1,1,-458.0903789179621,37.08719090544575,2018,June,24,Sunday,131106.63177867018
test-img/airplane/airplane_64.jpg,2019-10-30,863.0472701623294,0,-189.14793979222117,0.4005628530702012,6582.958595859586,0.0037917563228497,-0.6994496574626379,-13859.80936261588,-0.5487461759979874,20.906854616400437,0.7608422848557918,0,1,-109.99138489226544,15.727458271161252,2019,October,30,Wednesday,6158.373263864932
test-img/cat/cat_76.jpg,2018-05-30,58.83563136947257,0,199.1204885461699,-4.1155787611512205,5748.924392439244,0.0137345477542976,-5.796269628675506,-89.65093556292194,4.635810308424949,43.68071099200776,0.8344082686889271,0,0,-285.0478576748461,201.5989534768398,2018,May,30,Wednesday,106046.53030129222
test-img/ball/ball_8.jpg,2018-05-20,276.49281633898136,0,-363.40016262425127,7.545297698485319,5536.456345634563,0.0103055963160495,-1.928626820699795,-47.12737046180584,-3.6797533344925193,18.26608994621082,1.0622096927916438,1,0,-358.50959404002947,114.76197213325604,2018,May,20,Sunday,-2724.630978691414
test-img/cake/cake_77.jpg,2018-12-30,719.2730314238447,1,-134.9812798577521,0.7796244392595324,6247.671467146714,0.0108790776364517,0.483362120347765,-1.4641258476536447,0.3827544693260083,12.566683592271268,5.9357381184548,1,0,-152.90173765601276,127.68217918238106,2018,December,30,Sunday,113053.00360827016
test-img/boat/boat_36.jpg,2020-01-23,-91.33783301757732,1,88.48365501571978,6.94818529271875,7151.191626209451,0.0144400044887996,4.145248733118141,-28.814056674410992,-2.4912981019430203,-10.1236099711642,0.4473778381815319,1,1,-334.6510130916367,222.24762421495063,2020,January,23,Thursday,-68765.97554773148
test-img/car/car_4.jpg,2020-04-21,94.98812724756516,0,364.57804340515634,21.458632811477514,5011.711071107111,0.0163981757693555,-13.207506104130784,-856.5880057441397,10.52465577737077,25.03019382371438,0.4090308456372585,0,0,-192.09860268675263,284.2983559063071,2020,April,21,Tuesday,75644.90588611842
test-img/car/car_2.jpg,2019-08-14,270.47517062583086,0,-91.56660990110176,-15.699415307834307,7142.66696669667,0.0110181120862054,-15.34431648051438,-5.347050162223196,-16.54740251186255,30.326437103747192,2.579428777659297,1,0,45.03118734782811,130.91326300873467,2019,August,14,Wednesday,126676.10801504603
test-img/mountain/mountain_48.jpg,2018-07-15,15.91748945870382,1,84.93724848039848,-0.9550785498506204,4735.592259225923,0.0085276294144235,0.258122153059259,-16.012318422665587,0.1141731554530892,6.476421244852826,5.206894540923479,0,1,-697.5507392567963,78.93179891871333,2018,July,15,Sunday,9623.559551569955
test-img/cartoon/cartoon_23.jpg,2020-04-24,0.7130282649692923,1,11.394207094243823,6.180069653975698,7481.540054005401,0.0192006678628508,-5.86157313434297,-229.49991732498955,-0.8028928146563826,31.38751600779775,2.1194403315710257,1,1,-259.77967771476176,384.5822291000492,2020,April,24,Friday,90946.15658071992
test-img/cartoon/cartoon_49.jpg,2019-02-04,-10.275417553820391,1,259.56721727213386,0.5594463424161941,6046.3491395536885,0.0076722151436526,0.7023836057043558,-1.299105048771236,-0.4661284866780074,35.96386567851242,20.993145328298095,0,0,-498.83796314115216,64.00895777781685,2019,February,4,Monday,106536.22728794794
test-img/mountain/mountain_77.jpg,2019-10-20,9.045935846435924,0,146.0662306742449,-0.7558164927820675,6242.292529252925,0.0198163178709202,0.3265564952773853,-597.4701982782238,-0.5244561405374627,19.549729374921142,117.00316709350442,1,0,-301.3368101263957,408.3167415498093,2019,October,20,Sunday,-95881.98831594767
test-img/cat/cat_27.jpg,2020-04-06,0.2025903447456262,1,42.45329176291455,0.4714363033810508,6064.189918991899,0.0152943738297995,-0.6715417716444412,-57.52780662573358,-0.5943676443394391,59.17732539963781,0.1450499586242082,0,0,-382.4448617179375,248.476928964826,2020,April,6,Monday,115183.1801277715
test-img/galaxy/galaxy_1.jpg,2018-05-25,482.0688578572918,1,29.3148090090885,-9.401660868350785,6183.472823475428,0.0125769771370098,-13.206876512946527,-5.898801615119051,21.521166009753657,9.967649653978947,2.8896601100630206,0,0,-308.322287061062,169.73990925118835,2018,May,25,Friday,97174.91925936524
test-img/mountain/mountain_95.jpg,2019-03-15,20.49315769159996,1,99.68173301410164,6.358503153662722,5167.999099909991,0.0083800958022322,-25.59571238013381,-4130.195179711662,-4.273232385320807,30.73023845313895,2.7803719176935786,1,0,-56.9220308204643,76.24968432625842,2019,March,15,Friday,110710.35918716488
test-img/ball/ball_1.jpg,2019-02-18,1001.140661473846,0,13.462912969796209,-4.995592190813727,5656.287128712871,0.0154522274711987,-4.938187482347394,-4.479665949873377,5.066369947889457,41.70687165421908,0.7186751955426623,1,0,-313.4982846301391,253.46734882571636,2019,February,18,Monday,56572.49355660606
test-img/dog/dog_82.jpg,2018-07-25,-70.5897333377994,1,123.9264933592761,18.281031388457976,4823.74707470747,0.0265102533981922,-18.708150374392662,-0.6966864207824706,7.241421190547586,9.85692395863344,0.4193786695637144,0,0,-130.89805054006956,700.7352193435393,2018,July,25,Wednesday,-45399.300248513086
test-img/dog/dog_39.jpg,2020-07-29,358.3680003310014,1,342.973442373175,-0.8036628531584347,6374.97299729973,0.0149433814567697,-0.5801252647758733,-265.32359694816887,-0.1021977790850935,43.82411310198178,0.2479922846671548,1,1,-413.7976412940892,237.5411102409364,2020,July,29,Wednesday,87448.87705940001
test-img/ball/ball_10.jpg,2018-05-21,2.626220987651079,0,228.75780533439485,-3.263923464314512,6359.433843384339,0.014978093005623,-3.8309632023824136,-1.471503659429977,6.9872876858343815,31.864360791777067,1.2690120888504763,1,0,-429.5288836838303,238.6127017215378,2018,May,21,Monday,112454.89392929181
test-img/dog/dog_90.jpg,2020-07-13,-44.02086119817573,0,470.775669110796,-7.040766869334948,6778.692169216922,0.0158184990452725,7.033702765636247,-412.302205645008,-25.46738281574785,29.20528028382161,2.509220282106825,0,0,-101.18973926297426,265.2178725685912,2020,July,13,Monday,45286.430961412916
test-img/mountain/mountain_46.jpg,2019-04-27,0.1662933220313505,1,98.01113101070108,4.210195927699749,5403.454867676194,0.0053047232097088,17.125300228617217,-48.02263814720612,-20.577324953747876,38.76519010877546,1.835527658570045,0,0,-89.12174786211125,30.72598159885792,2019,April,27,Saturday,78837.95193492893
test-img/cat/cat_22.jpg,2018-08-25,635.9051033526622,1,265.5689564594361,13.205971792563572,6218.3861386138615,0.0099583598178542,-22.50845089324804,-3476.106032569578,6.652590755139737,44.497852312823,113.73701364098498,0,0,34.60987485930474,107.25954410783858,2018,August,25,Saturday,93774.0885220592
test-img/llama/llama_39.jpg,2020-04-30,-49.03320191013813,0,-132.8674318923781,-0.8525496969535519,4546.3382001371065,0.0070764861736164,0.4089168896534332,-1.384198898711889,-0.2823664355843978,47.20692147694197,3.1780502931728667,1,0,-327.2798780708838,54.51851910670037,2020,April,30,Thursday,80432.66794761298
test-img/airplane/airplane_21.jpg,2020-12-08,226.5815192449852,0,-116.66963504101574,-18.865953609169427,4791.772277227723,0.0161447727523911,8.229320280027899,-3.479009587721559,18.14473791829401,18.76466206435185,1.456052075212378,0,0,-140.69896175415928,275.8849901218157,2020,December,8,Tuesday,101902.6153131919
test-img/dog/dog_80.jpg,2021-02-06,135.59295161744498,0,66.27983688442994,18.03360947737228,5074.465346534654,0.0181926962885966,-15.472253816318974,-109.73750846015294,13.744836979066845,13.214806873294808,0.4938974947448968,0,0,-339.585373022707,347.019496023841,2021,February,6,Saturday,-41680.91439784105
test-img/cake/cake_69.jpg,2020-09-05,-87.46262275083546,1,-20.344122796163205,0.3729329756021182,6478.61197527556,0.0146849367117658,-0.5911851550050677,-132.46410578766796,0.7273326808689087,39.794066441471045,0.0399224810042669,0,1,-367.84259131179135,229.63135787613217,2020,September,5,Saturday,68861.49397323739
